﻿<?xml version="1.0" encoding="utf-8" standalone="yes"?>
<!--Persisting int-string database-->
<KeyValuePairs>
  <KeyValuePair>
    <Key IntKey="1" />
    <Value DatabaseElement="1">
      <Name>The Beatles</Name>
      <Description>Rockband</Description>
      <Timestamp>10/8/2015 6:34:01 PM</Timestamp>
      <Relations>
        <Relation>5</Relation>
        <Relation>2</Relation>
      </Relations>
      <Data>Revolver</Data>
    </Value>
  </KeyValuePair>
  <KeyValuePair>
    <Key IntKey="3" />
    <Value DatabaseElement="3">
      <Name>Bahramji</Name>
      <Description>Rockband</Description>
      <Timestamp>11/21/2015 11:14:25 PM</Timestamp>
      <Relations>
        <Relation>4</Relation>
      </Relations>
      <Data>Chillout</Data>
    </Value>
  </KeyValuePair>
  <KeyValuePair>
    <Key IntKey="4" />
    <Value DatabaseElement="4">
      <Name>Pink Floyd</Name>
      <Description>Rockband</Description>
      <Timestamp>11/21/2015 11:14:25 PM</Timestamp>
      <Relations>
        <Relation>4</Relation>
      </Relations>
      <Data>Opeth</Data>
    </Value>
  </KeyValuePair>
  <KeyValuePair>
    <Key IntKey="5" />
    <Value DatabaseElement="5">
      <Name>RHCP</Name>
      <Description>Rockband</Description>
      <Timestamp>11/21/2015 11:14:25 PM</Timestamp>
      <Relations>
        <Relation>1</Relation>
      </Relations>
      <Data>New Era</Data>
    </Value>
  </KeyValuePair>
  <KeyValuePair>
    <Key IntKey="6" />
    <Value DatabaseElement="6">
      <Name>Pink Floyd</Name>
      <Description>Rockband</Description>
      <Timestamp>11/21/2015 11:14:25 PM</Timestamp>
      <Relations>
        <Relation>4</Relation>
      </Relations>
      <Data>Animals</Data>
    </Value>
  </KeyValuePair>
  <KeyValuePair>
    <Key IntKey="7" />
    <Value DatabaseElement="7">
      <Name>Porcupine Tree</Name>
      <Description>Rockband</Description>
      <Timestamp>11/21/2015 11:14:26 PM</Timestamp>
      <Relations>
        <Relation>3</Relation>
        <Relation>1</Relation>
      </Relations>
      <Data>New Era</Data>
    </Value>
  </KeyValuePair>
  <KeyValuePair>
    <Key IntKey="8" />
    <Value DatabaseElement="8">
      <Name>Megadeath</Name>
      <Description>Rockband</Description>
      <Timestamp>11/21/2015 11:14:26 PM</Timestamp>
      <Relations>
        <Relation>4</Relation>
      </Relations>
      <Data>Chillout</Data>
    </Value>
  </KeyValuePair>
  <KeyValuePair>
    <Key IntKey="9" />
    <Value DatabaseElement="9">
      <Name>Bahramji</Name>
      <Description>Rockband</Description>
      <Timestamp>11/21/2015 11:14:26 PM</Timestamp>
      <Relations>
        <Relation>1</Relation>
      </Relations>
      <Data>Animals</Data>
    </Value>
  </KeyValuePair>
  <KeyValuePair>
    <Key IntKey="10" />
    <Value DatabaseElement="10">
      <Name>RHCP</Name>
      <Description>Rockband</Description>
      <Timestamp>11/21/2015 11:14:27 PM</Timestamp>
      <Relations>
        <Relation>2</Relation>
        <Relation>5</Relation>
      </Relations>
      <Data>Chillout</Data>
    </Value>
  </KeyValuePair>
  <KeyValuePair>
    <Key IntKey="11" />
    <Value DatabaseElement="11">
      <Name>RHCP</Name>
      <Description>Rockband</Description>
      <Timestamp>11/21/2015 11:14:27 PM</Timestamp>
      <Relations>
        <Relation>2</Relation>
        <Relation>5</Relation>
      </Relations>
      <Data>Opeth</Data>
    </Value>
  </KeyValuePair>
  <KeyValuePair>
    <Key IntKey="12" />
    <Value DatabaseElement="12">
      <Name>Pink Floyd</Name>
      <Description>Rockband</Description>
      <Timestamp>11/21/2015 11:14:27 PM</Timestamp>
      <Relations>
        <Relation>1</Relation>
      </Relations>
      <Data>New Era</Data>
    </Value>
  </KeyValuePair>
  <KeyValuePair>
    <Key IntKey="13" />
    <Value DatabaseElement="13">
      <Name>Bahramji</Name>
      <Description>Rockband</Description>
      <Timestamp>11/21/2015 11:14:27 PM</Timestamp>
      <Relations>
        <Relation>2</Relation>
        <Relation>3</Relation>
      </Relations>
      <Data>Opeth</Data>
    </Value>
  </KeyValuePair>
  <KeyValuePair>
    <Key IntKey="14" />
    <Value DatabaseElement="14">
      <Name>Bahramji</Name>
      <Description>Rockband</Description>
      <Timestamp>11/21/2015 11:14:27 PM</Timestamp>
      <Relations>
        <Relation>2</Relation>
        <Relation>5</Relation>
      </Relations>
      <Data>Opeth</Data>
    </Value>
  </KeyValuePair>
  <KeyValuePair>
    <Key IntKey="15" />
    <Value DatabaseElement="15">
      <Name>Porcupine Tree</Name>
      <Description>Rockband</Description>
      <Timestamp>11/21/2015 11:14:28 PM</Timestamp>
      <Relations>
        <Relation>2</Relation>
        <Relation>3</Relation>
      </Relations>
      <Data>Chillout</Data>
    </Value>
  </KeyValuePair>
  <KeyValuePair>
    <Key IntKey="16" />
    <Value DatabaseElement="16">
      <Name>Bahramji</Name>
      <Description>Rockband</Description>
      <Timestamp>11/21/2015 11:14:28 PM</Timestamp>
      <Relations>
        <Relation>3</Relation>
        <Relation>1</Relation>
      </Relations>
      <Data>New Era</Data>
    </Value>
  </KeyValuePair>
  <KeyValuePair>
    <Key IntKey="17" />
    <Value DatabaseElement="17">
      <Name>Bahramji</Name>
      <Description>Rockband</Description>
      <Timestamp>11/21/2015 11:14:28 PM</Timestamp>
      <Relations>
        <Relation>3</Relation>
        <Relation>1</Relation>
      </Relations>
      <Data>Opeth</Data>
    </Value>
  </KeyValuePair>
  <KeyValuePair>
    <Key IntKey="18" />
    <Value DatabaseElement="18">
      <Name>Megadeath</Name>
      <Description>Rockband</Description>
      <Timestamp>11/21/2015 11:14:28 PM</Timestamp>
      <Relations>
        <Relation>4</Relation>
      </Relations>
      <Data>Animals</Data>
    </Value>
  </KeyValuePair>
  <KeyValuePair>
    <Key IntKey="19" />
    <Value DatabaseElement="19">
      <Name>Pink Floyd</Name>
      <Description>Rockband</Description>
      <Timestamp>11/21/2015 11:14:28 PM</Timestamp>
      <Relations>
        <Relation>3</Relation>
        <Relation>1</Relation>
      </Relations>
      <Data>Chillout</Data>
    </Value>
  </KeyValuePair>
  <KeyValuePair>
    <Key IntKey="20" />
    <Value DatabaseElement="20">
      <Name>Bahramji</Name>
      <Description>Rockband</Description>
      <Timestamp>11/21/2015 11:14:29 PM</Timestamp>
      <Relations>
        <Relation>4</Relation>
      </Relations>
      <Data>New Era</Data>
    </Value>
  </KeyValuePair>
  <KeyValuePair>
    <Key IntKey="21" />
    <Value DatabaseElement="21">
      <Name>Megadeath</Name>
      <Description>Rockband</Description>
      <Timestamp>11/21/2015 11:14:29 PM</Timestamp>
      <Relations>
        <Relation>2</Relation>
        <Relation>5</Relation>
      </Relations>
      <Data>New Era</Data>
    </Value>
  </KeyValuePair>
  <KeyValuePair>
    <Key IntKey="22" />
    <Value DatabaseElement="22">
      <Name>Porcupine Tree</Name>
      <Description>Rockband</Description>
      <Timestamp>11/21/2015 11:14:29 PM</Timestamp>
      <Relations>
        <Relation>1</Relation>
      </Relations>
      <Data>Opeth</Data>
    </Value>
  </KeyValuePair>
  <KeyValuePair>
    <Key IntKey="23" />
    <Value DatabaseElement="23">
      <Name>RHCP</Name>
      <Description>Rockband</Description>
      <Timestamp>11/21/2015 11:14:29 PM</Timestamp>
      <Relations>
        <Relation>3</Relation>
        <Relation>1</Relation>
      </Relations>
      <Data>Animals</Data>
    </Value>
  </KeyValuePair>
  <KeyValuePair>
    <Key IntKey="24" />
    <Value DatabaseElement="24">
      <Name>RHCP</Name>
      <Description>Rockband</Description>
      <Timestamp>11/21/2015 11:14:30 PM</Timestamp>
      <Relations>
        <Relation>3</Relation>
        <Relation>1</Relation>
      </Relations>
      <Data>Chillout</Data>
    </Value>
  </KeyValuePair>
  <KeyValuePair>
    <Key IntKey="25" />
    <Value DatabaseElement="25">
      <Name>Pink Floyd</Name>
      <Description>Rockband</Description>
      <Timestamp>11/21/2015 11:14:30 PM</Timestamp>
      <Relations>
        <Relation>4</Relation>
      </Relations>
      <Data>Chillout</Data>
    </Value>
  </KeyValuePair>
  <KeyValuePair>
    <Key IntKey="26" />
    <Value DatabaseElement="26">
      <Name>Pink Floyd</Name>
      <Description>Rockband</Description>
      <Timestamp>11/21/2015 11:14:30 PM</Timestamp>
      <Relations>
        <Relation>4</Relation>
      </Relations>
      <Data>New Era</Data>
    </Value>
  </KeyValuePair>
  <KeyValuePair>
    <Key IntKey="27" />
    <Value DatabaseElement="27">
      <Name>Bahramji</Name>
      <Description>Rockband</Description>
      <Timestamp>11/21/2015 11:14:30 PM</Timestamp>
      <Relations>
        <Relation>2</Relation>
        <Relation>5</Relation>
      </Relations>
      <Data>New Era</Data>
    </Value>
  </KeyValuePair>
  <KeyValuePair>
    <Key IntKey="28" />
    <Value DatabaseElement="28">
      <Name>RHCP</Name>
      <Description>Rockband</Description>
      <Timestamp>11/21/2015 11:14:31 PM</Timestamp>
      <Relations>
        <Relation>1</Relation>
      </Relations>
      <Data>Animals</Data>
    </Value>
  </KeyValuePair>
  <KeyValuePair>
    <Key IntKey="29" />
    <Value DatabaseElement="29">
      <Name>Porcupine Tree</Name>
      <Description>Rockband</Description>
      <Timestamp>11/21/2015 11:14:31 PM</Timestamp>
      <Relations>
        <Relation>3</Relation>
        <Relation>1</Relation>
      </Relations>
      <Data>Opeth</Data>
    </Value>
  </KeyValuePair>
  <KeyValuePair>
    <Key IntKey="30" />
    <Value DatabaseElement="30">
      <Name>Bahramji</Name>
      <Description>Rockband</Description>
      <Timestamp>11/21/2015 11:14:31 PM</Timestamp>
      <Relations>
        <Relation>4</Relation>
      </Relations>
      <Data>Sunset</Data>
    </Value>
  </KeyValuePair>
  <KeyValuePair>
    <Key IntKey="31" />
    <Value DatabaseElement="31">
      <Name>Bahramji</Name>
      <Description>Rockband</Description>
      <Timestamp>11/21/2015 11:14:31 PM</Timestamp>
      <Relations>
        <Relation>4</Relation>
      </Relations>
      <Data>Sunset</Data>
    </Value>
  </KeyValuePair>
  <KeyValuePair>
    <Key IntKey="32" />
    <Value DatabaseElement="32">
      <Name>Megadeath</Name>
      <Description>Rockband</Description>
      <Timestamp>11/21/2015 11:14:31 PM</Timestamp>
      <Relations>
        <Relation>2</Relation>
        <Relation>5</Relation>
      </Relations>
      <Data>Chillout</Data>
    </Value>
  </KeyValuePair>
  <KeyValuePair>
    <Key IntKey="33" />
    <Value DatabaseElement="33">
      <Name>Porcupine Tree</Name>
      <Description>Rockband</Description>
      <Timestamp>11/21/2015 11:14:32 PM</Timestamp>
      <Relations>
        <Relation>1</Relation>
      </Relations>
      <Data>New Era</Data>
    </Value>
  </KeyValuePair>
  <KeyValuePair>
    <Key IntKey="34" />
    <Value DatabaseElement="34">
      <Name>RHCP</Name>
      <Description>Rockband</Description>
      <Timestamp>11/21/2015 11:14:32 PM</Timestamp>
      <Relations>
        <Relation>3</Relation>
        <Relation>1</Relation>
      </Relations>
      <Data>Opeth</Data>
    </Value>
  </KeyValuePair>
  <KeyValuePair>
    <Key IntKey="35" />
    <Value DatabaseElement="35">
      <Name>RHCP</Name>
      <Description>Rockband</Description>
      <Timestamp>11/21/2015 11:14:32 PM</Timestamp>
      <Relations>
        <Relation>2</Relation>
        <Relation>3</Relation>
      </Relations>
      <Data>Animals</Data>
    </Value>
  </KeyValuePair>
  <KeyValuePair>
    <Key IntKey="36" />
    <Value DatabaseElement="36">
      <Name>Pink Floyd</Name>
      <Description>Rockband</Description>
      <Timestamp>11/21/2015 11:14:32 PM</Timestamp>
      <Relations>
        <Relation>4</Relation>
      </Relations>
      <Data>Sunset</Data>
    </Value>
  </KeyValuePair>
  <KeyValuePair>
    <Key IntKey="37" />
    <Value DatabaseElement="37">
      <Name>Bahramji</Name>
      <Description>Rockband</Description>
      <Timestamp>11/21/2015 11:14:32 PM</Timestamp>
      <Relations>
        <Relation>2</Relation>
        <Relation>5</Relation>
      </Relations>
      <Data>Sunset</Data>
    </Value>
  </KeyValuePair>
  <KeyValuePair>
    <Key IntKey="38" />
    <Value DatabaseElement="38">
      <Name>Megadeath</Name>
      <Description>Rockband</Description>
      <Timestamp>11/21/2015 11:14:33 PM</Timestamp>
      <Relations>
        <Relation>1</Relation>
      </Relations>
      <Data>Chillout</Data>
    </Value>
  </KeyValuePair>
  <KeyValuePair>
    <Key IntKey="39" />
    <Value DatabaseElement="39">
      <Name>RHCP</Name>
      <Description>Rockband</Description>
      <Timestamp>11/21/2015 11:14:33 PM</Timestamp>
      <Relations>
        <Relation>1</Relation>
      </Relations>
      <Data>New Era</Data>
    </Value>
  </KeyValuePair>
  <KeyValuePair>
    <Key IntKey="40" />
    <Value DatabaseElement="40">
      <Name>Bahramji</Name>
      <Description>Rockband</Description>
      <Timestamp>11/21/2015 11:14:33 PM</Timestamp>
      <Relations>
        <Relation>1</Relation>
      </Relations>
      <Data>Animals</Data>
    </Value>
  </KeyValuePair>
  <KeyValuePair>
    <Key IntKey="41" />
    <Value DatabaseElement="41">
      <Name>Megadeath</Name>
      <Description>Rockband</Description>
      <Timestamp>11/21/2015 11:14:33 PM</Timestamp>
      <Relations>
        <Relation>2</Relation>
        <Relation>3</Relation>
      </Relations>
      <Data>Animals</Data>
    </Value>
  </KeyValuePair>
  <KeyValuePair>
    <Key IntKey="42" />
    <Value DatabaseElement="42">
      <Name>RHCP</Name>
      <Description>Rockband</Description>
      <Timestamp>11/21/2015 11:14:34 PM</Timestamp>
      <Relations>
        <Relation>2</Relation>
        <Relation>3</Relation>
      </Relations>
      <Data>Chillout</Data>
    </Value>
  </KeyValuePair>
  <KeyValuePair>
    <Key IntKey="43" />
    <Value DatabaseElement="43">
      <Name>Porcupine Tree</Name>
      <Description>Rockband</Description>
      <Timestamp>11/21/2015 11:14:34 PM</Timestamp>
      <Relations>
        <Relation>3</Relation>
        <Relation>1</Relation>
      </Relations>
      <Data>Chillout</Data>
    </Value>
  </KeyValuePair>
  <KeyValuePair>
    <Key IntKey="44" />
    <Value DatabaseElement="44">
      <Name>Megadeath</Name>
      <Description>Rockband</Description>
      <Timestamp>11/21/2015 11:14:34 PM</Timestamp>
      <Relations>
        <Relation>3</Relation>
        <Relation>1</Relation>
      </Relations>
      <Data>Opeth</Data>
    </Value>
  </KeyValuePair>
  <KeyValuePair>
    <Key IntKey="45" />
    <Value DatabaseElement="45">
      <Name>Megadeath</Name>
      <Description>Rockband</Description>
      <Timestamp>11/21/2015 11:14:34 PM</Timestamp>
      <Relations>
        <Relation>3</Relation>
        <Relation>1</Relation>
      </Relations>
      <Data>Animals</Data>
    </Value>
  </KeyValuePair>
  <KeyValuePair>
    <Key IntKey="46" />
    <Value DatabaseElement="46">
      <Name>Porcupine Tree</Name>
      <Description>Rockband</Description>
      <Timestamp>11/21/2015 11:14:34 PM</Timestamp>
      <Relations>
        <Relation>4</Relation>
      </Relations>
      <Data>Sunset</Data>
    </Value>
  </KeyValuePair>
  <KeyValuePair>
    <Key IntKey="47" />
    <Value DatabaseElement="47">
      <Name>Porcupine Tree</Name>
      <Description>Rockband</Description>
      <Timestamp>11/21/2015 11:14:35 PM</Timestamp>
      <Relations>
        <Relation>4</Relation>
      </Relations>
      <Data>Chillout</Data>
    </Value>
  </KeyValuePair>
  <KeyValuePair>
    <Key IntKey="48" />
    <Value DatabaseElement="48">
      <Name>Pink Floyd</Name>
      <Description>Rockband</Description>
      <Timestamp>11/21/2015 11:14:35 PM</Timestamp>
      <Relations>
        <Relation>2</Relation>
        <Relation>3</Relation>
      </Relations>
      <Data>Chillout</Data>
    </Value>
  </KeyValuePair>
  <KeyValuePair>
    <Key IntKey="49" />
    <Value DatabaseElement="49">
      <Name>Pink Floyd</Name>
      <Description>Rockband</Description>
      <Timestamp>11/21/2015 11:14:35 PM</Timestamp>
      <Relations>
        <Relation>2</Relation>
        <Relation>3</Relation>
      </Relations>
      <Data>New Era</Data>
    </Value>
  </KeyValuePair>
  <KeyValuePair>
    <Key IntKey="50" />
    <Value DatabaseElement="50">
      <Name>Porcupine Tree</Name>
      <Description>Rockband</Description>
      <Timestamp>11/21/2015 11:14:35 PM</Timestamp>
      <Relations>
        <Relation>3</Relation>
        <Relation>1</Relation>
      </Relations>
      <Data>Opeth</Data>
    </Value>
  </KeyValuePair>
  <KeyValuePair>
    <Key IntKey="51" />
    <Value DatabaseElement="51">
      <Name>Porcupine Tree</Name>
      <Description>Rockband</Description>
      <Timestamp>11/21/2015 11:14:35 PM</Timestamp>
      <Relations>
        <Relation>3</Relation>
        <Relation>1</Relation>
      </Relations>
      <Data>Animals</Data>
    </Value>
  </KeyValuePair>
  <KeyValuePair>
    <Key IntKey="52" />
    <Value DatabaseElement="52">
      <Name>Porcupine Tree</Name>
      <Description>Rockband</Description>
      <Timestamp>11/21/2015 11:14:36 PM</Timestamp>
      <Relations>
        <Relation>2</Relation>
        <Relation>5</Relation>
      </Relations>
      <Data>Animals</Data>
    </Value>
  </KeyValuePair>
  <KeyValuePair>
    <Key IntKey="53" />
    <Value DatabaseElement="53">
      <Name>Pink Floyd</Name>
      <Description>Rockband</Description>
      <Timestamp>11/21/2015 11:14:36 PM</Timestamp>
      <Relations>
        <Relation>2</Relation>
        <Relation>5</Relation>
      </Relations>
      <Data>Sunset</Data>
    </Value>
  </KeyValuePair>
  <KeyValuePair>
    <Key IntKey="54" />
    <Value DatabaseElement="54">
      <Name>Bahramji</Name>
      <Description>Rockband</Description>
      <Timestamp>11/21/2015 11:14:36 PM</Timestamp>
      <Relations>
        <Relation>2</Relation>
        <Relation>3</Relation>
      </Relations>
      <Data>Chillout</Data>
    </Value>
  </KeyValuePair>
  <KeyValuePair>
    <Key IntKey="55" />
    <Value DatabaseElement="55">
      <Name>Bahramji</Name>
      <Description>Rockband</Description>
      <Timestamp>11/21/2015 11:14:36 PM</Timestamp>
      <Relations>
        <Relation>1</Relation>
      </Relations>
      <Data>New Era</Data>
    </Value>
  </KeyValuePair>
  <KeyValuePair>
    <Key IntKey="56" />
    <Value DatabaseElement="56">
      <Name>Porcupine Tree</Name>
      <Description>Rockband</Description>
      <Timestamp>11/21/2015 11:14:37 PM</Timestamp>
      <Relations>
        <Relation>4</Relation>
      </Relations>
      <Data>New Era</Data>
    </Value>
  </KeyValuePair>
  <KeyValuePair>
    <Key IntKey="57" />
    <Value DatabaseElement="57">
      <Name>Porcupine Tree</Name>
      <Description>Rockband</Description>
      <Timestamp>11/21/2015 11:14:37 PM</Timestamp>
      <Relations>
        <Relation>4</Relation>
      </Relations>
      <Data>Opeth</Data>
    </Value>
  </KeyValuePair>
  <KeyValuePair>
    <Key IntKey="58" />
    <Value DatabaseElement="58">
      <Name>RHCP</Name>
      <Description>Rockband</Description>
      <Timestamp>11/21/2015 11:14:37 PM</Timestamp>
      <Relations>
        <Relation>2</Relation>
        <Relation>5</Relation>
      </Relations>
      <Data>Animals</Data>
    </Value>
  </KeyValuePair>
  <KeyValuePair>
    <Key IntKey="59" />
    <Value DatabaseElement="59">
      <Name>Bahramji</Name>
      <Description>Rockband</Description>
      <Timestamp>11/21/2015 11:14:37 PM</Timestamp>
      <Relations>
        <Relation>2</Relation>
        <Relation>5</Relation>
      </Relations>
      <Data>Sunset</Data>
    </Value>
  </KeyValuePair>
  <KeyValuePair>
    <Key IntKey="60" />
    <Value DatabaseElement="60">
      <Name>Bahramji</Name>
      <Description>Rockband</Description>
      <Timestamp>11/21/2015 11:14:38 PM</Timestamp>
      <Relations>
        <Relation>3</Relation>
        <Relation>1</Relation>
      </Relations>
      <Data>Sunset</Data>
    </Value>
  </KeyValuePair>
  <KeyValuePair>
    <Key IntKey="61" />
    <Value DatabaseElement="61">
      <Name>Porcupine Tree</Name>
      <Description>Rockband</Description>
      <Timestamp>11/21/2015 11:14:38 PM</Timestamp>
      <Relations>
        <Relation>3</Relation>
        <Relation>1</Relation>
      </Relations>
      <Data>New Era</Data>
    </Value>
  </KeyValuePair>
  <KeyValuePair>
    <Key IntKey="62" />
    <Value DatabaseElement="62">
      <Name>Bahramji</Name>
      <Description>Rockband</Description>
      <Timestamp>11/21/2015 11:14:38 PM</Timestamp>
      <Relations>
        <Relation>3</Relation>
        <Relation>1</Relation>
      </Relations>
      <Data>Sunset</Data>
    </Value>
  </KeyValuePair>
</KeyValuePairs>