<?xml version="1.0" encoding="utf-8"?>
<MessageStream>
  <QueryType DBType="Int-String" NumberofQ="20">Get data of a key<Parameters><Key>1</Key></Parameters></QueryType>
  <QueryType DBType="Int-String" NumberofQ="20">Get children of a key<Parameters><Key>1</Key></Parameters></QueryType>
  <QueryType DBType="Int-String" NumberofQ="20">Get all keys based on a metadata<Parameters><MetadataDescription>Rockband</MetadataDescription></Parameters></QueryType>
  <QueryType DBType="String-List(String)" NumberofQ="20">Get all keys based on a metadata<Parameters><MetadataDescription>Rockband</MetadataDescription></Parameters></QueryType>
  <QueryType DBType="String-List(String)" NumberofQ="20">Get data of a key<Parameters><Key>Key1</Key></Parameters></QueryType>
  <QueryType DBType="String-List(String)" NumberofQ="20">Get children of a key<Parameters><Key>Key1</Key></Parameters></QueryType>
  <QueryType DBType="Int-String" NumberofQ="1">Persist database</QueryType>
</MessageStream>